campaign_id,campaign_name,channel,campaign_type,start_date,cost,impressions,clicks,conversions,revenue,ctr,conversion_rate,cpc,roas
C001,Radio_Retention_1,Radio,Retention,2023-01-01 00:00:00.000000000,95564.28757689246,303342,4926,314,37742.02572350544,0.01624074561769746,0.0639196365086843,19.399977177607077,0.39493859767580686
C002,Google Ads_Conversion_2,Google Ads,Conversion,2023-01-02 19:53:58.190954773,43977.92655987208,356955,3863,425,206745.25922598143,0.010823379771832098,0.11011150117432088,11.384397245630877,4.701114295248002
C003,Display_Consideration_3,Display,Consideration,2023-01-04 15:47:56.381909547,11644.207984417942,99868,2214,68,19457.546807946477,0.02216968971838151,0.030909498032426035,5.259353199827435,1.6710064638130988
C004,Display_Awareness_4,Display,Awareness,2023-01-06 11:41:54.572864321,14484.24904712951,78351,1699,96,20626.83163028748,0.021685785941408728,0.05671117368334276,8.525161299075638,1.4240870592027903
C005,TV_Consideration_5,TV,Consideration,2023-01-08 07:35:52.763819095,120998.75478805683,261974,8827,282,19994.55737416771,0.0336965827544817,0.031980426929501586,13.70780047445982,0.1652459763671987
C006,Google Ads_Conversion_6,Google Ads,Conversion,2023-01-10 03:29:50.954773869,12673.585565928119,474953,23094,1304,539567.5638747395,0.048625281322982376,0.05650515929852795,0.5487826087264276,42.574184004037654
C007,Email_Consideration_7,Email,Consideration,2023-01-11 23:23:49.145728643,939.5245130287275,225674,3358,205,55930.06995776468,0.014881529393791153,0.06105398159072942,0.2797869306220153,59.530187006472
C008,Radio_Conversion_8,Radio,Conversion,2023-01-13 19:17:47.336683417,91838.83618709039,334635,7518,267,75836.17274451397,0.02246844304357644,0.035526798896001015,12.215860094052992,0.8257527631341447
C009,Social Media_Retention_9,Social Media,Retention,2023-01-15 15:11:45.527638191,3995.535149594615,389815,18547,1449,655922.1738463484,0.04757995766256757,0.07817507766587352,0.2154275704747191,164.16378514725315
C010,TV_Conversion_10,TV,Conversion,2023-01-17 11:05:43.718592965,139453.02172812077,106031,1252,31,6088.358114147537,0.011809091556421522,0.02530955012311517,111.38420265824342,0.04365884681952228
C011,Direct Mail_Consideration_11,Direct Mail,Consideration,2023-01-19 06:59:41.909547738,17571.687574505155,482975,16557,914,159218.46356587208,0.034281369907467385,0.05520506993983089,1.0612845065232321,9.06107981323791
C012,Direct Mail_Conversion_12,Direct Mail,Conversion,2023-01-21 02:53:40.100502512,7462.207354701066,217466,5609,117,21302.152398904705,0.02579526072702279,0.020938184404471635,1.3303988865575087,2.8546717326857323
C013,Radio_Conversion_13,Radio,Conversion,2023-01-22 22:47:38.291457286,27895.816367992466,397186,13599,852,397743.75682201795,0.034238398991240454,0.062680517164919,2.0513138001318088,14.258186660505386
C014,Social Media_Awareness_14,Social Media,Awareness,2023-01-24 18:41:36.482412060,13851.955619841041,230230,3180,225,48795.34803507447,0.013816404659616453,0.07100231466738796,4.355960886742466,3.5226324263688644
C015,TV_Retention_15,TV,Retention,2023-01-26 14:35:34.673366834,104899.51814336205,144613,4692,260,57802.44434619341,0.03244973703390805,0.05547786726246362,22.357101053572475,0.551026786102078
C016,Radio_Consideration_16,Radio,Consideration,2023-01-28 10:29:32.864321608,86402.24418394755,125632,2543,160,10911.218446767056,0.02024273291045296,0.0633037712698924,33.97650184189837,0.1262839703970817
C017,Radio_Conversion_17,Radio,Conversion,2023-01-30 06:23:31.055276382,19980.17387306482,108842,4988,231,60964.73469978052,0.04583054382694078,0.046360190111946205,4.0056483306064194,3.051261469849709
C018,Direct Mail_Retention_18,Direct Mail,Retention,2023-02-01 02:17:29.246231156,21778.93433350544,306164,9672,274,38737.44900979706,0.031593643652066926,0.02835988726435254,2.2517508616113977,1.7786659538342093
C019,Direct Mail_Retention_19,Direct Mail,Retention,2023-02-02 22:11:27.437185930,19169.367595190473,441429,15438,952,174249.47101287666,0.03497416192535173,0.06168709598238227,1.2417001940141517,9.089995804378818
C020,Direct Mail_Consideration_20,Direct Mail,Consideration,2023-02-04 18:05:25.628140703,15326.433403038574,214089,9704,321,62901.63828421182,0.045331210356754734,0.033106426233010015,1.5793933844846018,4.104127596427041
C021,Radio_Retention_21,Radio,Retention,2023-02-06 13:59:23.819095477,42066.80542692774,143344,5147,382,19189.452805494788,0.0359076048216545,0.07440970649274524,8.173072746634494,0.45616615311633013
C022,Direct Mail_Awareness_22,Direct Mail,Awareness,2023-02-08 09:53:22.010050251,11229.093970266784,271703,7986,238,86059.89912254794,0.02939319885435933,0.029879351188576504,1.4060974167626827,7.6640109478488325
C023,Social Media_Retention_23,Social Media,Retention,2023-02-10 05:47:20.201005025,4795.694550344951,117194,3788,114,26416.795575277494,0.032324080080693644,0.030097462530375832,1.266022848559913,5.508439976306947
C024,TV_Awareness_24,TV,Awareness,2023-02-12 01:41:18.391959799,49278.580881136535,351189,13517,201,23444.46281428502,0.03849082359697768,0.014937521256772023,3.6456744012085918,0.4757536113070046
C025,Email_Conversion_25,Email,Conversion,2023-02-13 21:35:16.582914573,3243.039502909536,35224,744,74,33945.25400268957,0.021145858569464458,0.10026790232288615,4.358924063050452,10.467110860732697
C026,Google Ads_Consideration_26,Google Ads,Consideration,2023-02-15 17:29:14.773869347,11520.269244105039,492968,9702,478,168476.35624700447,0.019682210860460018,0.04936716561665378,1.1874117959291939,14.624341903572645
C027,Google Ads_Retention_27,Google Ads,Retention,2023-02-17 13:23:12.964824121,15693.689479657985,190213,6713,427,143082.73392270593,0.03529223322374318,0.06369298091671158,2.3378056725246514,9.11721454079797
C028,Google Ads_Conversion_28,Google Ads,Conversion,2023-02-19 09:17:11.155778894,9063.039652448373,167182,2919,389,26587.68852916142,0.01746074041599417,0.13353024955892379,3.1048440056349342,2.9336392147394807
C029,Display_Retention_29,Display,Retention,2023-02-21 05:11:09.346733668,28392.31702632217,260925,4973,104,35394.08659116225,0.01905983100791752,0.020995269735671368,5.7092935906539655,1.2466078960145743
C030,Display_Awareness_30,Display,Awareness,2023-02-23 01:05:07.537688442,28873.758571688773,468997,7269,314,63892.675403401525,0.01550083776583973,0.04320412077803225,3.9721775445988134,2.212828483855559
C031,Email_Consideration_31,Email,Consideration,2023-02-24 20:59:05.728643216,4661.121282253533,136391,4964,360,150389.99643259696,0.03639936184136716,0.07264036120285886,0.93898494807686,32.26476792294219
C032,Email_Retention_32,Email,Retention,2023-02-26 16:53:03.919597990,2883.4276026020293,55620,2552,88,40056.55506366789,0.045888630318133075,0.034511137454027105,1.129869750235905,13.891992650524854
C033,Google Ads_Conversion_33,Google Ads,Conversion,2023-02-28 12:47:02.110552764,20256.34059719153,365718,16780,1424,639644.9806690871,0.045884410398103086,0.08492095746126609,1.2071716684857885,31.577519029166186
C034,Email_Retention_34,Email,Retention,2023-03-02 08:41:00.301507538,4329.178019453807,394816,14513,1104,343685.1135296307,0.036759530188569145,0.07613809965325685,0.2982965630437406,79.38807597775615
C035,TV_Awareness_35,TV,Awareness,2023-03-04 04:34:58.492462312,104572.73882958754,88795,2836,28,10117.879490927935,0.03194935157466344,0.010101231676924375,36.873321166991374,0.0967544658786847
C036,Direct Mail_Awareness_36,Direct Mail,Awareness,2023-03-06 00:28:56.683417086,7749.981822288324,252007,4322,91,19556.89672866811,0.01715290836885315,0.021084521816931254,1.7931471129774004,2.523476464476865
C037,Radio_Conversion_37,Radio,Conversion,2023-03-07 20:22:54.874371860,69185.1603070309,55900,1381,74,12531.238843801457,0.024708632122377342,0.0540985162001283,50.09787133021789,0.18112610837627816
C038,TV_Consideration_38,TV,Consideration,2023-03-09 16:16:53.065326633,146356.42489158013,447102,15758,686,279658.24940330687,0.03524554503989052,0.04358586348000562,9.287753832439405,1.910802683315583
C039,TV_Awareness_39,TV,Awareness,2023-03-11 12:10:51.256281407,92882.02442455848,105669,4110,81,14284.152610969193,0.03889808461046022,0.019850353876377277,22.599032706705227,0.15378812746024076
C040,Google Ads_Retention_40,Google Ads,Retention,2023-03-13 08:04:49.447236181,34046.253315822556,470824,22673,694,320412.1490658461,0.0481571430801035,0.030626640764422938,1.5016210168845128,9.411083977247467
C041,Google Ads_Retention_41,Google Ads,Retention,2023-03-15 03:58:47.638190955,5695.547743799034,219810,10697,809,391255.8526593425,0.04866619276174679,0.07569911375526352,0.5324434648779128,68.6950351852143
C042,Email_Retention_42,Email,Retention,2023-03-16 23:52:45.829145729,1825.0200143131356,427056,9684,417,52655.31391564525,0.022676880206251106,0.043105863716115515,0.18845725054865092,28.851910391493764
C043,Email_Consideration_43,Email,Consideration,2023-03-18 19:46:44.020100503,4712.696483723515,289329,4017,248,81034.80649962733,0.013887059750830742,0.061761787800498374,1.1731880716264662,17.194997976105924
C044,TV_Conversion_44,TV,Conversion,2023-03-20 15:40:42.211055277,33911.34205693075,439912,17434,890,323654.80426860484,0.03963074471016818,0.0510997791418242,1.9451268817787513,9.544146136276455
C045,Google Ads_Consideration_45,Google Ads,Consideration,2023-03-22 11:34:40.402010050,21177.101804888982,406586,17241,648,285238.28809795826,0.042404535787167234,0.0376155106558696,1.2282989272599607,13.4691843447675
C046,Direct Mail_Retention_46,Direct Mail,Retention,2023-03-24 07:28:38.592964824,16806.24476924532,401164,14441,723,264534.9235157938,0.03599855723111061,0.050090977681231975,1.1637867716394517,15.740275543283824
C047,TV_Retention_47,TV,Retention,2023-03-26 03:22:36.783919598,134693.3151083391,293643,8086,175,61672.05815449695,0.027538964920723483,0.021657006312422282,16.657595239715445,0.4578702224746024
C048,Google Ads_Awareness_48,Google Ads,Awareness,2023-03-27 23:16:34.974874372,11976.872752748488,421077,18702,1475,239854.34054240474,0.044416184732467015,0.07891045329863186,0.6404059861377653,20.02645811590194
C049,Social Media_Consideration_49,Social Media,Consideration,2023-03-29 19:10:33.165829146,5594.084448088507,170059,7332,382,65778.22722941362,0.04311476015150355,0.05222494563179933,0.7629684189973414,11.758533114724425
C050,Display_Awareness_50,Display,Awareness,2023-03-31 15:04:31.356783920,20461.54581809423,105246,2784,196,71496.9769896665,0.02645415620226714,0.07052138450071888,7.34969318178672,3.4942119048718903
C051,Display_Retention_51,Display,Retention,2023-04-02 10:58:29.547738694,39130.67486065125,168248,7034,358,61531.07567832015,0.04180744779074815,0.05097802089807171,5.563075754997334,1.5724511753870656
C052,Display_Consideration_52,Display,Consideration,2023-04-04 06:52:27.738693468,6824.429728321575,481697,20924,450,163434.77673397382,0.043439204820488235,0.02152104460492745,0.32615320819736066,23.948488480394914
C053,Direct Mail_Awareness_53,Direct Mail,Awareness,2023-04-06 02:46:25.929648242,7678.946641912835,132619,4239,124,46074.452486663475,0.03196906658824482,0.029386222560265164,1.811499561668515,6.000100617340176
C054,Direct Mail_Awareness_54,Direct Mail,Awareness,2023-04-07 22:40:24.120603015,20233.30603377046,331984,9105,464,175632.20929810771,0.027426915947115646,0.051001775445594,2.222219223917678,8.680351545366252
C055,Google Ads_Retention_55,Google Ads,Retention,2023-04-09 18:34:22.311557789,30471.674472233433,68880,1630,48,4382.859821570345,0.023675186668656062,0.029518786858549462,18.694278817321123,0.14383390140125443
C056,Radio_Awareness_56,Radio,Awareness,2023-04-11 14:28:20.502512563,38027.19784521648,95911,1024,30,11805.419710552796,0.01068644407327001,0.02959021057243017,37.135935395719216,0.3104467428445513
C057,Direct Mail_Conversion_57,Direct Mail,Conversion,2023-04-13 10:22:18.693467337,12350.216669413823,328389,3915,187,89220.61331341512,0.01192235696788135,0.04788042877637669,3.1545891875897376,7.224214416770211
C058,Display_Consideration_58,Display,Consideration,2023-04-15 06:16:16.884422110,13392.170440301701,467383,14040,293,85766.91657154824,0.03004159535661037,0.020918272417423084,0.9538582934687821,6.404258141267807
C059,Direct Mail_Retention_59,Direct Mail,Retention,2023-04-17 02:10:15.075376884,19627.981438527673,472683,21123,1618,544265.4593004409,0.04468795734220015,0.07663349627364542,0.9292231898180975,27.729059200764514
C060,Display_Retention_60,Display,Retention,2023-04-18 22:04:13.266331658,28378.060325787344,72965,3097,168,70440.34436624302,0.04244816706944012,0.05440202250031599,9.163080505581965,2.4822113829335044
C061,Display_Conversion_61,Display,Conversion,2023-04-20 17:58:11.457286432,33535.366375765654,111275,2332,137,20079.419230021264,0.02095844509284535,0.05908908631146728,14.380517313793161,0.5987535369385933
C062,TV_Consideration_62,TV,Consideration,2023-04-22 13:52:09.648241206,20260.022861881538,174911,6336,361,80657.68107585603,0.03622890541522969,0.05709523306027357,3.1976046183525155,3.9811248795582745
C063,Social Media_Consideration_63,Social Media,Consideration,2023-04-24 09:46:07.839195980,6098.43168776724,253058,9544,340,70295.50048133919,0.037715614347677576,0.035641671694154185,0.6389806881566681,11.526816086559428
C064,Google Ads_Awareness_64,Google Ads,Awareness,2023-04-26 05:40:06.030150754,6763.384700404082,484114,15452,696,167431.09913090273,0.03191887532992349,0.04507676190293472,0.43770286696894134,24.755519099911538
C065,Google Ads_Awareness_65,Google Ads,Awareness,2023-04-28 01:34:04.221105528,37924.14898848381,132508,4402,121,53264.49926256936,0.03322176049375639,0.027661383765347936,8.615208766125354,1.4045008440069113
C066,Direct Mail_Retention_66,Direct Mail,Retention,2023-04-29 21:28:02.412060302,14582.838739125496,379726,5363,348,158739.78518602013,0.014124954753437304,0.06505226406748985,2.7191569530347746,10.88538301943394
C067,TV_Retention_67,TV,Retention,2023-05-01 17:22:00.603015076,126571.75792454512,448806,11475,449,24639.747481594284,0.025568067149366526,0.0392029760618367,11.030218555515914,0.19467018461008576
C068,Email_Conversion_68,Email,Conversion,2023-05-03 13:15:58.793969850,910.790045537601,475530,22836,1870,576047.9828557452,0.048024285877502244,0.08193136375904149,0.039883957152636235,632.4706617931121
C069,Radio_Retention_69,Radio,Retention,2023-05-05 09:09:56.984924624,50360.09697804878,171045,6311,237,92090.74356452857,0.036900738243081536,0.03759264630188387,7.97973331929152,1.8286450799463227
C070,Radio_Retention_70,Radio,Retention,2023-05-07 05:03:55.175879398,81065.63285150984,252265,3103,79,23485.7517666088,0.012302350400665771,0.025472366182921424,26.124921963103397,0.2897128035702663
C071,Direct Mail_Conversion_71,Direct Mail,Conversion,2023-05-09 00:57:53.366834172,26968.012934474096,67362,1058,43,16885.230723733086,0.015719667282113436,0.04105490075312472,25.489615249975515,0.6261206847074795
C072,Display_Awareness_72,Display,Awareness,2023-05-10 20:51:51.557788946,7640.416340420449,353474,4563,114,47861.42104159528,0.012910520254567742,0.025046408366899846,1.674428301648137,6.264242537202034
C073,Social Media_Consideration_73,Social Media,Consideration,2023-05-12 16:45:49.748743720,2598.2085386656468,493453,12321,309,66987.79054965118,0.024970831830244813,0.025090262845111514,0.21087643362272923,25.78229943931055
C074,Display_Awareness_74,Display,Awareness,2023-05-14 12:39:47.939698492,38100.94878581892,379155,9497,751,65769.0672083151,0.02505038342123663,0.07916006382937225,4.011893101591967,1.726179250234162
C075,Direct Mail_Retention_75,Direct Mail,Retention,2023-05-16 08:33:46.130653266,18076.914742866735,454113,6560,298,80961.02648540422,0.014447899292246054,0.04545332055481857,2.755627247388222,4.478697146998049
C076,Direct Mail_Consideration_76,Direct Mail,Consideration,2023-05-18 04:27:44.321608040,15653.837333841408,68220,1002,23,7869.326626901258,0.014701049871084195,0.02337819654091024,15.622592149542323,0.5027091095350068
C077,Email_Conversion_77,Email,Conversion,2023-05-20 00:21:42.512562814,3125.1594429372185,193686,4150,606,267166.98225726583,0.02142848345127443,0.14621725484745418,0.753050468177643,85.48907252110175
C078,TV_Awareness_78,TV,Awareness,2023-05-21 20:15:40.703517588,145035.04282448255,485240,5690,58,26158.835267519655,0.011726396478023045,0.010243089493796327,25.48946271080537,0.18036217150069286
C079,TV_Awareness_79,TV,Awareness,2023-05-23 16:09:38.894472362,149050.24747610555,281388,13723,157,44806.86269062101,0.04877210142476396,0.011475931294707977,10.861345731699013,0.30061582217637084
C080,Email_Awareness_80,Email,Awareness,2023-05-25 12:03:37.085427136,3630.8691004307775,317503,10595,500,227760.55236047253,0.03337257247692401,0.047272463886066395,0.342696470073693,62.72893515589706
C081,Email_Conversion_81,Email,Conversion,2023-05-27 07:57:35.276381910,1764.3343531650364,446229,12595,1826,600862.9556135228,0.028226270111428517,0.14504114840765586,0.14008212410996718,340.56070751875103
C082,Social Media_Retention_82,Social Media,Retention,2023-05-29 03:51:33.467336684,10232.45288252777,122403,2526,109,23124.92691981841,0.02063751699856956,0.043296103039392325,4.050852289203393,2.259959286917894
C083,Display_Retention_83,Display,Retention,2023-05-30 23:45:31.658291458,20316.67048583792,147084,3890,85,27306.40698739117,0.026448268834887448,0.02193895706657903,5.2227944693670745,1.3440394678067729
C084,Direct Mail_Awareness_84,Direct Mail,Awareness,2023-06-01 19:39:29.849246232,27595.033981333745,475401,18554,1286,419283.3738880416,0.0390287803355344,0.06935223457539014,1.48728220229243,15.194160448277023
C085,Social Media_Consideration_85,Social Media,Consideration,2023-06-03 15:33:28.040201006,14091.834525279179,32157,355,25,5485.212877378058,0.01105467897989008,0.0719638333700245,39.69530852191318,0.3892476077219185
C086,Email_Consideration_86,Email,Consideration,2023-06-05 11:27:26.231155780,4942.74258191725,301124,7599,220,107021.52538364571,0.02523563426524086,0.02902501346621169,0.6504464511010989,21.65225552614818
C087,Google Ads_Awareness_87,Google Ads,Awareness,2023-06-07 07:21:24.422110554,42724.791712001206,213261,4464,214,16128.960327484283,0.02093628287722825,0.048121589587698216,9.570965885304929,0.3775082260483842
C088,TV_Retention_88,TV,Retention,2023-06-09 03:15:22.613065328,124741.63623256047,498352,16055,1284,508520.9284912989,0.032217268224105096,0.07998306039716783,7.7696441128969465,4.076593380122452
C089,Direct Mail_Consideration_89,Direct Mail,Consideration,2023-06-10 23:09:20.804020100,25940.479548290106,230766,3499,121,57998.07843423743,0.015166376606059798,0.03484088610459186,7.413683780591628,2.235813656654641
C090,Direct Mail_Retention_90,Direct Mail,Retention,2023-06-12 19:03:18.994974874,9173.355748593494,312882,7611,458,46304.21975234354,0.02432650872131362,0.0603020410643514,1.2052760147935218,5.047686040023373
C091,Social Media_Consideration_91,Social Media,Consideration,2023-06-14 14:57:17.185929648,8524.15396220121,264880,11677,774,230929.1519451533,0.04408726001274161,0.06633910350413835,0.7299952010106371,27.091152150602404
C092,Direct Mail_Consideration_92,Direct Mail,Consideration,2023-06-16 10:51:15.376884422,26669.647271775317,75667,843,37,14423.035306965758,0.01115130705253356,0.04420897197274382,31.63659225596123,0.5408033769621603
C093,Direct Mail_Consideration_93,Direct Mail,Consideration,2023-06-18 06:45:13.567839196,22010.153738679033,76822,812,26,5401.8744380371845,0.010581786626715278,0.03277784969053464,27.106100663397825,0.2454264746249512
C094,Social Media_Consideration_94,Social Media,Consideration,2023-06-20 02:39:11.758793970,6795.294608846386,453037,10841,501,140928.93033107935,0.023930218680932015,0.04624849532142374,0.626814372183967,20.739193580748132
C095,Radio_Retention_95,Radio,Retention,2023-06-21 22:33:09.949748744,36816.35063877554,351844,14727,757,194326.49012686365,0.0418588710269551,0.051416136560900674,2.4999219555086265,5.278265953991541
C096,Email_Consideration_96,Email,Consideration,2023-06-23 18:27:08.140703518,3960.129835919289,32472,1131,27,5571.072909938783,0.03483222737688365,0.023974158671111953,3.5014410573999015,1.4067904691931739
C097,TV_Conversion_97,TV,Conversion,2023-06-25 14:21:06.331658292,93252.74115368468,273259,7761,314,98327.45077061541,0.02840476635934288,0.0404937926273927,12.015557422198773,1.0544188787819908
C098,Google Ads_Consideration_98,Google Ads,Consideration,2023-06-27 10:15:04.522613066,36395.04081636193,351285,9297,286,126824.67574476349,0.026466448574301124,0.030804036340957915,3.9147080581221823,3.484669144477167
C099,Google Ads_Awareness_99,Google Ads,Awareness,2023-06-29 06:09:02.713567840,48789.96571715469,119686,5131,287,58917.421383261244,0.04287162547377797,0.05611612373245761,9.508860985608008,1.2075725103972703
C100,Social Media_Awareness_100,Social Media,Awareness,2023-07-01 02:03:00.904522614,1929.3632000497291,271867,6589,348,157434.42336950198,0.024239659370879445,0.05292291855244452,0.29281578388977525,81.5991635817684
C101,Email_Consideration_101,Email,Consideration,2023-07-02 21:56:59.095477388,1985.4478098956993,55222,1615,63,22648.696729673953,0.02924581576225173,0.03929496588080174,1.2293794488518262,11.407349322802773
C102,TV_Conversion_102,TV,Conversion,2023-07-04 17:50:57.286432162,139317.7740717948,145670,6154,145,56073.9447975337,0.04224805119172246,0.023664677591291827,22.638572322358595,0.40248952562676643
C103,Direct Mail_Retention_103,Direct Mail,Retention,2023-07-06 13:44:55.477386936,8652.431730091177,247416,8592,362,78196.03188591593,0.03473019086121184,0.04222832616748292,1.0070334881391034,9.037463030649295
C104,Social Media_Awareness_104,Social Media,Awareness,2023-07-08 09:38:53.668341710,2341.6083939017594,75227,2820,81,34829.86251749577,0.03748662021613324,0.028864345514373602,0.8303575864899856,14.874332791171671
C105,Google Ads_Conversion_105,Google Ads,Conversion,2023-07-10 05:32:51.859296484,6371.246873011737,183531,4750,649,63077.040085811044,0.025886553300163304,0.1367214981074723,1.3413151311603657,9.900266202680363
C106,Radio_Awareness_106,Radio,Awareness,2023-07-12 01:26:50.050251256,26405.549062836224,421947,5725,121,35199.02146064526,0.013568173148482248,0.021279301840376727,4.612322980408074,1.3330160784342548
C107,Email_Awareness_107,Email,Awareness,2023-07-13 21:20:48.241206030,2043.170889252171,184001,6615,320,85059.82265261203,0.03595291361166304,0.04843819648583337,0.3088693710131778,41.63128160256096
C108,Display_Conversion_108,Display,Conversion,2023-07-15 17:14:46.432160804,30525.609114216863,297402,9688,517,113971.45142756747,0.03257834170090565,0.053464535957026244,3.150867992796951,3.733633979296646
C109,Direct Mail_Consideration_109,Direct Mail,Consideration,2023-07-17 13:08:44.623115578,27290.47972291533,129733,3882,219,43505.842830234076,0.02992990791395761,0.05645331333761437,7.030005080606731,1.594176550649016
C110,Email_Awareness_110,Email,Awareness,2023-07-19 09:02:42.814070352,533.9046341033363,189024,5578,186,80513.42624288544,0.029512392032349517,0.033519967862751694,0.09571614092924638,150.80113769400663
C111,TV_Consideration_111,TV,Consideration,2023-07-21 04:56:41.005025126,123791.75971005435,422733,5100,119,6926.884880488734,0.012065419114980514,0.02333920936141852,24.27289406079497,0.05595594486024689
C112,Direct Mail_Retention_112,Direct Mail,Retention,2023-07-23 00:50:39.195979900,29925.899438746645,292239,13646,1007,52751.69789907489,0.04669582452342127,0.07379661577844125,2.193016227374076,1.7627439404803478
C113,TV_Awareness_113,TV,Awareness,2023-07-24 20:44:37.386934674,81251.0851999359,412222,15968,390,113398.94647388179,0.03873829083346215,0.02445792193243551,5.088369564124243,1.39566070034436
C114,Social Media_Conversion_114,Social Media,Conversion,2023-07-26 16:38:35.577889448,12820.864542485435,484317,18616,601,84006.64849864859,0.038438099153469935,0.032304653608967546,0.6887013613281819,6.55233882397475
C115,Display_Awareness_115,Display,Awareness,2023-07-28 12:32:33.768844220,23074.240834520202,386211,5210,325,90267.7036175545,0.013491607183587018,0.062433805738666664,4.428837012383916,3.9120551902409537
C116,Radio_Retention_116,Radio,Retention,2023-07-30 08:26:31.959798996,38857.797294356285,190922,5378,299,88764.54951857853,0.028170718888763983,0.055632985853473926,7.225324896682091,2.284343315864451
C117,Social Media_Retention_117,Social Media,Retention,2023-08-01 04:20:30.150753768,4223.361241458184,53055,825,50,2560.9952368224176,0.015552990937680814,0.061074292872789995,5.119225747222041,0.6063879195752131
C118,Email_Conversion_118,Email,Conversion,2023-08-03 00:14:28.341708544,2629.247904733515,399201,5695,629,272248.4075576575,0.014267970004537443,0.11061018810558386,0.46167654165645566,103.54611562778862
C119,Display_Retention_119,Display,Retention,2023-08-04 20:08:26.532663316,18706.658545693008,495555,9019,685,151147.21131509147,0.01820007240212949,0.07597628402599728,2.0741388785556056,8.079861560839328
C120,Email_Retention_120,Email,Retention,2023-08-06 16:02:24.723618092,3747.1844783807474,392942,16942,387,150049.91019787936,0.04311763548709968,0.022885678637845262,0.22117722101173104,40.043374182292645
C121,Display_Consideration_121,Display,Consideration,2023-08-08 11:56:22.914572864,33704.776360940705,125488,4436,138,63278.48670172224,0.03535034254880709,0.031184299207288647,7.598010901925317,1.877433810095043
C122,Email_Awareness_122,Email,Awareness,2023-08-10 07:50:21.105527640,3147.3800410777553,231454,8922,544,247438.59060752398,0.03855129819421304,0.06097892380502794,0.35276620052429447,78.61732214670641
C123,Direct Mail_Consideration_123,Direct Mail,Consideration,2023-08-12 03:44:19.296482412,17574.08867169509,292968,7094,328,74182.75946574169,0.024214498072735836,0.04632468052330034,2.4773172641239203,4.2211440292332645
C124,Social Media_Consideration_124,Social Media,Consideration,2023-08-13 23:38:17.487437188,2399.358017276029,275996,7523,253,50541.07722613633,0.027261125725457705,0.03374152345548778,0.318936330888745,21.064416757410466
C125,Google Ads_Retention_125,Google Ads,Retention,2023-08-15 19:32:15.678391960,36217.292333150224,440528,13135,394,151161.01954495275,0.029816945056158624,0.03000384559960299,2.7573119400951827,4.1737250304212505
C126,Google Ads_Retention_126,Google Ads,Retention,2023-08-17 15:26:13.869346736,49896.16771657295,356420,14664,955,109259.25178945482,0.04114287756203004,0.06514418720232937,3.402630095238199,2.1897323339556696
C127,Display_Consideration_127,Display,Consideration,2023-08-19 11:20:12.060301508,29706.30696005011,379771,5361,266,77516.817772706,0.014116641229765801,0.04963888922785176,5.541187644105598,2.609439735371779
C128,Radio_Retention_128,Radio,Retention,2023-08-21 07:14:10.251256284,51130.01973535105,256121,8091,455,122331.6944386007,0.031594425484513466,0.05623747232435075,6.319369637294654,2.3925610643568977
C129,Display_Retention_129,Display,Retention,2023-08-23 03:08:08.442211056,31787.751301536828,303236,9891,205,76317.51964411483,0.032620333892918955,0.020732184339082672,3.2138056113170386,2.4008467576133685
C130,Google Ads_Awareness_130,Google Ads,Awareness,2023-08-24 23:02:06.633165828,42205.94725140852,177836,3395,263,63282.68866746415,0.01909403932119948,0.07754448767384166,12.431795950341243,1.4993784712497418
C131,Social Media_Consideration_131,Social Media,Consideration,2023-08-26 18:56:04.824120604,9801.828552560835,78166,1096,81,13381.766136065986,0.01403178412063546,0.07471114453057788,8.943274226789084,1.365231605950693
C132,Display_Conversion_132,Display,Conversion,2023-08-28 14:50:03.015075376,37556.258169410045,351358,16478,888,327012.5582716341,0.04689997524709183,0.05390799101535254,2.279175759765144,8.707272082232867
C133,Social Media_Awareness_133,Social Media,Awareness,2023-08-30 10:44:01.206030152,9279.892862251978,217824,8594,484,227705.13581669144,0.039457769424988916,0.05640290278297136,1.0798106658426783,24.537474645093432
C134,TV_Conversion_134,TV,Conversion,2023-09-01 06:37:59.396984924,75863.31513955785,492572,21454,574,60900.37055480383,0.04355592345783737,0.026794282750445316,3.536091877484751,0.8027644249763111
C135,Email_Awareness_135,Email,Awareness,2023-09-03 02:31:57.587939700,4414.533629279577,299724,7780,397,29633.166775555896,0.025960108154805213,0.05113028342756433,0.567420774971668,6.712638132148929
C136,Email_Consideration_136,Email,Consideration,2023-09-04 22:25:55.778894472,4112.840518691052,173414,4496,91,26556.34994030794,0.025926747743637735,0.020277921380276172,0.9147776954384013,6.456936469970329
C137,Google Ads_Consideration_137,Google Ads,Consideration,2023-09-06 18:19:53.969849248,20585.569746468256,371375,10431,425,64205.67238727155,0.028088717635592286,0.04081719211377366,1.9734991608156702,3.1189650409499565
C138,Display_Conversion_138,Display,Conversion,2023-09-08 14:13:52.160804020,9070.852733672795,254200,6801,207,95567.89568449353,0.026757017980181916,0.0305832191903734,1.3337527913061014,10.535712406588484
C139,Email_Awareness_139,Email,Awareness,2023-09-10 10:07:50.351758796,3112.647576251196,16416,599,34,4423.9502931071975,0.03654149488066843,0.05793585727517182,5.1964066381489085,1.4212821030112588
C140,Display_Awareness_140,Display,Awareness,2023-09-12 06:01:48.542713568,9351.858199112066,51821,2584,115,31738.591784641805,0.0498749700738379,0.044877447423621424,3.6191401699350103,3.3938273131274914
C141,Email_Retention_141,Email,Retention,2023-09-14 01:55:46.733668344,801.8441482479237,112853,5182,336,47817.113640879485,0.045922171577628554,0.06499762822395067,0.15473642382244765,59.63392480366998
C142,Direct Mail_Awareness_142,Direct Mail,Awareness,2023-09-15 21:49:44.924623116,3986.8410318985616,286772,3621,174,69423.81238721932,0.012628345577134095,0.048324016706599957,1.1010331488258938,17.413238158171364
C143,Radio_Consideration_143,Radio,Consideration,2023-09-17 17:43:43.115577892,57195.124239482204,206373,6683,310,37156.01430733439,0.032385613252328714,0.046445764816293686,8.558300798964867,0.6496360450544372
C144,Email_Retention_144,Email,Retention,2023-09-19 13:37:41.306532664,4378.035294560827,192921,4018,308,104658.33669292758,0.020829786925742153,0.07676692772801796,1.0896055984471944,23.905320458003786
C145,Display_Awareness_145,Display,Awareness,2023-09-21 09:31:39.497487440,4913.908803772415,360826,13118,385,23944.380701228514,0.03635695767640606,0.029369155841971424,0.37459283456109277,4.872776776574766
C146,Radio_Conversion_146,Radio,Conversion,2023-09-23 05:25:37.688442212,30796.731692926427,19658,278,16,6559.395814686964,0.014164343279382954,0.0603135646159237,110.77961040621017,0.21298999777283392
C147,Google Ads_Conversion_147,Google Ads,Conversion,2023-09-25 01:19:35.879396984,34373.57485333436,58726,1158,85,31876.710143478962,0.019726887639978166,0.07381827810467265,29.683570685090118,0.9273609241835028
C148,TV_Conversion_148,TV,Conversion,2023-09-26 21:13:34.070351760,144957.6580049081,79130,2077,159,31131.488872191516,0.026255692330940883,0.0766645835346364,69.79184304521334,0.2147626369014422
C149,Social Media_Conversion_149,Social Media,Conversion,2023-09-28 17:07:32.261306532,10048.750461297966,425582,6345,407,180870.73249656006,0.014911075586508341,0.06415427679176014,1.5837274170682374,17.99932570653143
C150,Direct Mail_Retention_150,Direct Mail,Retention,2023-09-30 13:01:30.452261308,22006.545648739753,316133,7408,552,232556.6611253887,0.023434634285993405,0.07463744021241824,2.970646010898995,10.567613147350388
C151,Google Ads_Conversion_151,Google Ads,Conversion,2023-10-02 08:55:28.643216080,6540.26498692381,179144,7336,976,208123.26733728324,0.04095338092805361,0.13306545065652498,0.8915301236264735,31.82184020882818
C152,Direct Mail_Retention_152,Direct Mail,Retention,2023-10-04 04:49:26.834170856,8926.784177185884,392081,5712,448,136460.56658525858,0.014569517036815874,0.07847283591193219,1.5628123559499096,15.286643417907406
C153,Google Ads_Consideration_153,Google Ads,Consideration,2023-10-06 00:43:25.025125628,26197.94537122165,247541,7549,233,89415.87610237558,0.030498306235276863,0.030926428329294993,3.4703861930350577,3.413087356102307
C154,Social Media_Awareness_154,Social Media,Awareness,2023-10-07 20:37:23.216080404,6934.4255885592365,326076,8761,289,31652.521256849217,0.026868157382131275,0.033081386449645186,0.7915107394771415,4.564548404567371
C155,Direct Mail_Awareness_155,Direct Mail,Awareness,2023-10-09 16:31:21.407035176,21662.99015546067,413066,12882,785,327167.976833168,0.031186467146203246,0.060991031386728886,1.6816480480873055,15.102623159836389
C156,Email_Consideration_156,Email,Consideration,2023-10-11 12:25:19.597989952,802.2892996206955,253757,9847,436,42710.746851245916,0.038808103265291834,0.044314885281661325,0.08147550519149949,53.23609185793529
C157,TV_Awareness_157,TV,Awareness,2023-10-13 08:19:17.788944724,50597.31335567322,368770,7386,113,37843.03652172621,0.020029226422463912,0.015329967867417645,6.850435060340268,0.7479258089398745
C158,Direct Mail_Conversion_158,Direct Mail,Conversion,2023-10-15 04:13:15.979899500,18478.948210843817,208146,8499,597,143229.98739829217,0.04083645508257082,0.07028641779069775,2.174249701240595,7.7509815907293875
C159,Social Media_Retention_159,Social Media,Retention,2023-10-17 00:07:14.170854272,14441.466893728479,54265,2216,68,5488.440983835202,0.040839437021419144,0.031062255240737795,6.516907443018266,0.3800473334338825
C160,Google Ads_Retention_160,Google Ads,Retention,2023-10-18 20:01:12.361809048,24673.702836075958,363551,12512,937,447125.2109794069,0.0344161866803183,0.07493082063751484,1.9720031039063266,18.121528574367662
C161,Radio_Conversion_161,Radio,Conversion,2023-10-20 15:55:10.552763820,95867.82428856698,247039,5137,144,42181.81207325093,0.020796448895687797,0.028100076645272417,18.66222002892096,0.4399996806674318
C162,Google Ads_Conversion_162,Google Ads,Conversion,2023-10-22 11:49:08.743718592,42868.834713951954,478065,7738,1041,344050.1334714429,0.01618688563532945,0.1346407849314557,5.540040671226667,8.02564697097935
C163,Social Media_Awareness_163,Social Media,Awareness,2023-10-24 07:43:06.934673368,6149.180382597148,212268,8108,333,106303.16583148297,0.03819702198755812,0.04109240966805313,0.7584090259739946,17.287371522281656
C164,Email_Conversion_164,Email,Conversion,2023-10-26 03:37:05.125628140,841.7003466632995,11146,542,31,1623.2907688894695,0.04870797552828346,0.05777653440789571,1.5529526691204787,1.9285851257215
C165,Display_Conversion_165,Display,Conversion,2023-10-27 23:31:03.316582916,15325.476045138792,481428,20027,1370,494230.3833027374,0.04160054235167424,0.06844581510900567,0.7652407272751182,32.24894168683955
C166,Email_Conversion_166,Email,Conversion,2023-10-29 19:25:01.507537688,890.1734533798262,381612,13569,1978,774517.8061141303,0.035557975413370475,0.14581707930039303,0.06560346771168298,870.0751557726502
C167,Direct Mail_Consideration_167,Direct Mail,Consideration,2023-10-31 15:18:59.698492464,20205.252654316148,452648,16234,1279,462906.992954033,0.03586659676468654,0.07883460801079929,1.2446256408966458,22.910230368000327
C168,Email_Awareness_168,Email,Awareness,2023-11-02 11:12:57.889447236,3514.6285904751767,298249,14904,337,101138.06807494829,0.0499741399826334,0.02264992626260601,0.23581780666097535,28.77631746041036
C169,TV_Consideration_169,TV,Consideration,2023-11-04 07:06:56.080402012,57235.405628254324,368201,6518,177,18032.2129923462,0.017703961111425217,0.027231354727187865,8.781130044224351,0.31505346724483735
C170,Google Ads_Conversion_170,Google Ads,Conversion,2023-11-06 03:00:54.271356784,40790.382708159384,36892,1040,129,36777.32714093136,0.028205747401446248,0.12450645481202204,39.22152183476864,0.9016176044255333
C171,Radio_Awareness_171,Radio,Awareness,2023-11-07 22:54:52.462311560,68515.06153989054,284731,8326,143,64099.644242273134,0.02924247535376346,0.017293944989146118,8.229048947860981,0.935555523145131
C172,Google Ads_Retention_172,Google Ads,Retention,2023-11-09 18:48:50.653266332,24846.447278667274,290489,12246,542,158416.12350387409,0.04215907917603591,0.04426912698091104,2.0289439228047748,6.375805833612574
C173,TV_Awareness_173,TV,Awareness,2023-11-11 14:42:48.844221108,114610.52853238086,219140,9875,201,47813.425300322844,0.045066615114497985,0.020403362197574635,11.606129471633505,0.4171817887290707
C174,Google Ads_Consideration_174,Google Ads,Consideration,2023-11-13 10:36:47.035175880,49565.35910037997,100881,2558,51,23952.938421309555,0.025358555596789033,0.020014251414553076,19.376606372314296,0.48325965666464693
C175,Google Ads_Conversion_175,Google Ads,Conversion,2023-11-15 06:30:45.226130656,5426.844513282414,53386,614,33,8774.752703819096,0.011503870928250434,0.05526838359772286,8.838508979287319,1.6169161807275936
C176,Display_Conversion_176,Display,Conversion,2023-11-17 02:24:43.417085428,18338.345823122883,174821,5402,137,51994.556912933374,0.030900767665380927,0.02550196010668581,3.394732658852811,2.83529154779998
C177,Email_Conversion_177,Email,Conversion,2023-11-18 22:18:41.608040200,2602.898449419437,427882,16525,1317,414985.1729541758,0.038622132609369676,0.07970028764548823,0.15751276547167545,159.43194904385766
C178,Email_Awareness_178,Email,Awareness,2023-11-20 18:12:39.798994976,4944.750753812143,198320,7374,336,49799.987845197706,0.0371858913077228,0.04566638802415174,0.6705656026325119,10.071283735950601
C179,Social Media_Awareness_179,Social Media,Awareness,2023-11-22 14:06:37.989949748,12115.657694609952,214614,9692,245,116406.70545762798,0.04516473230248659,0.02536466013873557,1.2500678595346628,9.607955951860156
C180,Google Ads_Consideration_180,Google Ads,Consideration,2023-11-24 10:00:36.180904524,32603.512514481845,495672,9550,286,135629.57933119067,0.019266868055337734,0.030022036765524514,3.4139803680085703,4.1599683246075605
C181,Radio_Consideration_181,Radio,Consideration,2023-11-26 05:54:34.371859296,64696.31153909732,123028,2098,106,15817.192172647363,0.01706112128022033,0.050761310660990516,30.83713610061836,0.24448367760639192
C182,Email_Consideration_182,Email,Consideration,2023-11-28 01:48:32.562814072,4008.13013105039,38342,1869,76,34025.477265749156,0.04876410520563246,0.0410075155500038,2.144531905323911,8.489114912252681
C183,Google Ads_Retention_183,Google Ads,Retention,2023-11-29 21:42:30.753768844,49770.85201908959,204158,8233,250,90802.31953105162,0.040329539028163656,0.03043371495316924,6.045287503836947,1.8244075768729944
C184,Google Ads_Retention_184,Google Ads,Retention,2023-12-01 17:36:28.944723620,25852.133669702896,376457,4289,246,111367.80354392187,0.011394606409352998,0.05737624297610712,6.027543406319165,4.307876671488747
C185,Direct Mail_Consideration_185,Direct Mail,Consideration,2023-12-03 13:30:27.135678392,15350.666639890096,143750,4178,181,12664.479244782135,0.029067073133214737,0.043470185964822786,3.6741662613427706,0.825011678116463
C186,Social Media_Retention_186,Social Media,Retention,2023-12-05 09:24:25.326633168,1978.2019736503585,466478,18383,730,128936.93054971755,0.03940850618093811,0.03974308192219226,0.10761039948051779,65.17885042435347
C187,Display_Conversion_187,Display,Conversion,2023-12-07 05:18:23.517587940,4182.957033448935,33903,1061,65,31392.067698317456,0.031304100776030484,0.06174285757098501,3.9424665725249155,7.5047549968339125
C188,Direct Mail_Retention_188,Direct Mail,Retention,2023-12-09 01:12:21.708542716,5055.533206238104,252621,7382,524,165889.75562271426,0.02922346309306592,0.07107241484292612,0.6848460046380526,32.81350331514393
C189,Social Media_Conversion_189,Social Media,Conversion,2023-12-10 21:06:19.899497488,6195.424306679606,287208,5939,360,160338.0577895356,0.020681130806776853,0.06068096915354382,1.0431763439433586,25.880076949155345
C190,Google Ads_Retention_190,Google Ads,Retention,2023-12-12 17:00:18.090452264,34630.33255962915,434974,16674,1184,505160.70135216444,0.03833451906860139,0.0710349037456545,2.0769061148871986,14.587232175213456
C191,Email_Awareness_191,Email,Awareness,2023-12-14 12:54:16.281407036,3560.6334729213518,378831,6191,353,157576.32009874977,0.01634420421172295,0.057116682692911064,0.5751305884221211,44.255136423650185
C192,Social Media_Awareness_192,Social Media,Awareness,2023-12-16 08:48:14.472361812,1894.8383209665483,73146,1711,118,45380.28840908437,0.023404754170365676,0.06954900503388575,1.1074449567308873,23.949425081257644
C193,Radio_Consideration_193,Radio,Consideration,2023-12-18 04:42:12.663316584,83617.0321707156,258659,2652,185,33145.92458681149,0.010255434868673344,0.0699280506774645,31.529800969349772,0.3964015909957143
C194,TV_Conversion_194,TV,Conversion,2023-12-20 00:36:10.854271356,147460.13403370217,137303,4855,281,82331.15126506992,0.035360228123984455,0.0579088116210001,30.372839141854207,0.5583282003951864
C195,Google Ads_Retention_195,Google Ads,Retention,2023-12-21 20:30:09.045226132,9814.128747213128,275220,13353,876,178566.00785245007,0.04851968015435979,0.06566167415012168,0.7349755670795423,18.19478961931864
C196,Display_Conversion_196,Display,Conversion,2023-12-23 16:24:07.236180904,37553.01179836063,469241,17603,460,37042.27123477058,0.037515428892032535,0.026150583679440755,2.1333302163472494,0.9863994779877456
C197,Google Ads_Retention_197,Google Ads,Retention,2023-12-25 12:18:05.427135680,36867.74398903767,295263,7037,169,55670.62512621664,0.02383532227811827,0.024041036088126303,5.239128035958174,1.5100089970997372
C198,Google Ads_Consideration_198,Google Ads,Consideration,2023-12-27 08:12:03.618090452,44219.156276856935,484750,19383,1519,164870.4494412935,0.03998607326971699,0.07840933815064381,2.28133706221209,3.7284847410709654
C199,Direct Mail_Retention_199,Direct Mail,Retention,2023-12-29 04:06:01.809045228,3663.8467443876407,168569,4980,106,42048.433829431735,0.02954572761618663,0.021327413091739834,0.735712197668201,11.476580971581967
C200,Social Media_Conversion_200,Social Media,Conversion,2023-12-31 00:00:00.000000000,7519.686536086102,498591,13485,491,124283.96302564179,0.027047252089438915,0.03641759997689995,0.5576334101658215,16.527811688588013
